S0_Ftr0_t,S0_Ftr0_v,S0_Ftr1_t,S0_Ftr1_v,S0_Ftr2_t,S0_Ftr2_v,S0_Ftr3_t,S0_Ftr3_v,S0_Ftr4_t,S0_Ftr4_v,S1_Ftr5_t,S1_Ftr5_v,S1_Ftr6_t,S1_Ftr6_v,S1_Ftr7_t,S1_Ftr7_v
0.721747079545601,1.7544394673237547,0.721747079545601,3657.756855769029,0.721747079545601,479.6490134538729,0.721747079545601,176.94612050532982,0.721747079545601,370.67820027435386,1.5217470795456012,53.58697259349997,1.5217470795456012,173.56059625867692,1.5217470795456012,474.41139681361136
1.4391277332449808,1.6344813551376285,1.4391277332449808,3533.134743063112,1.4391277332449808,462.61506395892127,1.4391277332449808,193.38058419756462,1.4391277332449808,306.7330336561581,2.3217470795456014,42.10266288120761,2.3217470795456014,177.5473803325641,2.3217470795456014,280.6914132714909
2.1641966881323498,1.3951824027977853,2.1641966881323498,3295.763371912557,2.1641966881323498,423.3260235513056,2.1641966881323498,181.76411118382984,2.1641966881323498,353.3131290392405,3.1217470795456013,52.67853787798175,3.1217470795456013,197.31317355721893,3.1217470795456013,442.47615049921785
3.0394373492008437,1.6600180264529434,3.0394373492008437,3554.2448842649446,3.0394373492008437,467.0522376783986,3.0394373492008437,155.85258119759564,3.0394373492008437,448.45202741985554,3.921747079545601,45.973669603163444,3.921747079545601,191.2338329741345,3.921747079545601,398.4627614501372
3.8175687609079754,1.2795639130697583,3.8175687609079754,3177.920499192051,3.8175687609079754,402.6418890576628,3.8175687609079754,197.85583359674263,3.8175687609079754,379.27211387679824,4.721747079545601,40.93659343233498,4.721747079545601,192.6108600571252,4.721747079545601,432.3992323037264
4.588023135547663,1.9463967310259853,4.588023135547663,3846.4537795487095,4.588023135547663,506.0236889819976,4.588023135547663,203.22465951555154,4.588023135547663,405.4326340331163,5.521747079545601,52.63157206652402,5.521747079545601,179.48418472931192,5.521747079545601,413.58235493403674
5.405519321189809,1.7857140969019019,5.405519321189809,3684.8909631603387,5.405519321189809,484.60432472888914,5.405519321189809,240.8616845511607,5.405519321189809,336.36234452097005,6.321747079545601,48.883861260971884,6.321747079545601,209.57980872012598,6.321747079545601,408.0061726508839
6.231807625983768,1.4887432435202572,6.231807625983768,3387.4715074407018,6.231807625983768,439.48509684883834,6.231807625983768,157.55336335422052,6.231807625983768,427.2552959192918,7.1217470795456,45.53321135419367,7.1217470795456,173.53493376857654,7.1217470795456,423.77037575359776
6.988263699282767,1.6779495922391185,6.988263699282767,3576.0201188907904,6.988263699282767,469.2226375839252,6.988263699282767,203.93518721783548,6.988263699282767,420.2502578911477,7.9217470795456,49.5092987336167,7.9217470795456,201.6623283617759,7.9217470795456,427.9173065924384
7.917787235837748,1.563704453407792,7.917787235837748,3467.5971880837137,7.917787235837748,450.94754915057956,7.917787235837748,184.6593763894277,7.917787235837748,472.758538686008,8.721747079545601,57.012746502676485,8.721747079545601,195.4138458008949,8.721747079545601,357.60033334221447
8.641630548473204,1.652538693909211,8.641630548473204,3554.2083006536564,8.641630548473204,464.9526854138773,8.641630548473204,228.97082577748577,8.641630548473204,432.8237690098225,9.521747079545602,57.86726304621148,9.521747079545602,198.76786525455756,9.521747079545602,481.2057091385673
9.411345479697601,1.4957912979358459,9.411345479697601,3396.1616594995044,9.411345479697601,440.43583548266133,9.411345479697601,143.88777343887682,9.411345479697601,493.1740712827073,10.321747079545602,46.18471790504345,10.321747079545602,206.90978080597904,10.321747079545602,405.7654490665917
10.211322126555423,1.5962354836351282,10.211322126555423,3498.1029760548195,10.211322126555423,456.3146066772945,10.211322126555423,171.12814163434348,10.211322126555423,292.71842862046566,11.121747079545603,49.93249322091411,11.121747079545603,174.96291568696392,11.121747079545603,402.40126740138237
10.965213065148662,1.5119478447512764,10.965213065148662,3411.6803432618244,10.965213065148662,443.16808511601056,10.965213065148662,178.3360729527734,10.965213065148662,410.79676103433405,11.921747079545604,38.34264321115211,11.921747079545604,176.78632119272265,11.921747079545604,430.62645005993727
11.689218887286579,1.4596260244870976,11.689218887286579,3358.811502254911,11.689218887286579,434.5662218636531,11.689218887286579,167.90042490507133,11.689218887286579,381.2985770913227,12.721747079545604,49.82016148848555,12.721747079545604,183.51768813097559,12.721747079545604,450.26281509131644
12.49269512173886,1.3568389218955141,12.49269512173886,3257.1181393222864,12.49269512173886,416.5765145312886,12.49269512173886,122.91365888335457,12.49269512173886,422.6551144422723,13.521747079545605,51.125222744563295,13.521747079545605,195.38179358567564,13.521747079545605,434.0336689366983
13.208615119528236,1.7566130662937882,13.208615119528236,3654.128262085469,13.208615119528236,480.7201445335313,13.208615119528236,148.7052182908458,13.208615119528236,397.79492871995876,14.321747079545606,55.893497884534156,14.321747079545606,181.9833732727669,14.321747079545606,465.9920844844532
13.920337781250272,1.454427727925392,13.920337781250272,3356.0753481495367,13.920337781250272,433.37159540453416,13.920337781250272,157.50397422863526,13.920337781250272,383.8624811981575,15.121747079545607,57.78798930420081,15.121747079545607,178.82744100599402,15.121747079545607,427.3002497738014
14.849821574845583,1.5945998397032333,14.849821574845583,3495.991117151354,14.849821574845583,456.12239455647256,14.849821574845583,200.1709987411579,14.849821574845583,407.26405684905626,17.700802142754437,46.48105863505219,17.700802142754437,203.9782307293677,17.700802142754437,410.0051994538765
15.729808146275802,1.533124341973288,15.729808146275802,3433.983150685884,15.729808146275802,446.45657089699773,15.729808146275802,214.57353338122542,15.729808146275802,394.24378605525436,18.500802142754438,52.11660805088144,18.500802142754438,184.05674104415897,18.500802142754438,401.63661688473957
16.544960984592304,1.4851774170064207,16.544960984592304,3384.5336224631446,16.544960984592304,438.8130190668813,16.544960984592304,172.842880132915,16.544960984592304,379.4575215550595,19.30080214275444,52.45958716286901,19.30080214275444,195.40821985416267,19.30080214275444,353.87969518391253
18.36162890894586,1.6195007900254301,18.36162890894586,3521.1800328573604,18.36162890894586,459.9312659146374,18.36162890894586,180.92926159982602,18.36162890894586,387.0455345839655,20.10080214275444,55.85461427380384,20.10080214275444,187.3492444411407,20.10080214275444,415.5224639609555
19.27250779635278,1.8915621754827445,19.27250779635278,3794.184960863564,19.27250779635278,498.54242610571663,19.27250779635278,233.49310184015792,19.27250779635278,439.373051769494,23.152922949130335,49.690376226592946,23.152922949130335,199.67523692387545,23.152922949130335,346.1500518374788
20.09681499139179,1.6988863193078743,20.09681499139179,3600.284411028518,20.09681499139179,471.8755868574676,20.09681499139179,143.07957638951328,20.09681499139179,421.95689172685604,23.952922949130336,49.845394250072786,23.952922949130336,185.06612700964442,23.952922949130336,396.78836977870014
20.823969367273584,1.8771051933173963,20.823969367273584,3776.6076422413134,20.823969367273584,497.034738880999,20.823969367273584,198.88795225452623,20.823969367273584,420.3372757810213,24.752922949130337,47.90643772129973,24.752922949130337,182.48518492183118,24.752922949130337,384.30193772500087
23.930820537355622,1.4844316934544703,23.930820537355622,3386.2218089504054,23.930820537355622,438.3740278120131,23.930820537355622,175.95055997958832,23.930820537355622,435.7872217548046,25.552922949130338,52.646294839691436,25.552922949130338,185.81035716305385,25.552922949130338,415.452364474954
24.70637619130413,1.5817050951301699,24.70637619130413,3480.0044312587524,24.70637619130413,454.5123796173016,24.70637619130413,204.583683070579,24.70637619130413,431.79167487858064,26.35292294913034,48.56150611363879,26.35292294913034,180.57619064192272,26.35292294913034,406.90380072673156
25.514023334170673,1.8976474061141944,25.514023334170673,3796.669814413783,25.514023334170673,499.81891996768144,25.514023334170673,231.85470123738355,25.514023334170673,374.98830779371957,27.15292294913034,43.51324246834925,27.15292294913034,182.47782270632212,27.15292294913034,370.31728610797364
26.33933877210583,1.4723143998119739,26.33933877210583,3370.1577163800616,26.33933877210583,436.8681004619005,26.33933877210583,137.27638782256633,26.33933877210583,350.3238546794961,27.95292294913034,45.981257745025516,27.95292294913034,182.8812505584305,27.95292294913034,465.70464997725213
27.08737990161521,1.7608690451376454,27.08737990161521,3656.1267452360753,27.08737990161521,481.62144472481805,27.08737990161521,167.7172800533288,27.08737990161521,365.2923910564343,28.75292294913034,43.44537933435096,28.75292294913034,198.57377396030103,28.75292294913034,380.03043268680256
28.00477417926015,1.5040231852725365,28.00477417926015,3404.3656652053514,28.00477417926015,441.79249034395775,28.00477417926015,180.7747007998518,28.00477417926015,348.1467145573948,29.55292294913034,53.61059805548482,29.55292294913034,191.92016865807577,29.55292294913034,347.1566738410648
28.814054528106723,1.7714502468555375,28.814054528106723,3668.818911290498,28.814054528106723,482.83937956273627,28.814054528106723,224.04913680552366,28.814054528106723,413.50083609015627,30.352922949130342,53.861926679158714,30.352922949130342,189.74719446041817,30.352922949130342,382.65881413025954
29.63220490937895,1.9783612158019266,29.63220490937895,3879.1018131922087,29.63220490937895,510.0049730774878,29.63220490937895,145.65676001480318,29.63220490937895,325.4250962948952,33.22341796463018,53.57796155157325,33.22341796463018,185.42511313445686,33.22341796463018,379.8343997885629
30.36581537154813,1.4366328598355058,30.36581537154813,3335.951286735899,30.36581537154813,430.6516301804863,30.36581537154813,182.17724001174471,30.36581537154813,377.90151539082797,34.02341796463018,46.708607158361445,34.02341796463018,189.5510608347175,34.02341796463018,391.3732696520576
31.121809816402248,1.7894349737788346,31.121809816402248,3687.447869764807,31.121809816402248,485.27736173609105,31.121809816402248,159.17823863917113,31.121809816402248,425.0103855336258,34.823417964630174,53.47167711600259,34.823417964630174,184.29526058225022,34.823417964630174,490.2553077481552
34.01249911629915,1.5343082090045062,34.01249911629915,3432.0186688467265,34.01249911629915,447.0570696283786,34.01249911629915,144.07566124769548,34.01249911629915,384.1617380735383,35.62341796463017,43.80986821160737,35.62341796463017,196.02164389483355,35.62341796463017,432.63098271013524
34.80888496565378,1.7053384009561432,34.80888496565378,3606.6166787801785,34.80888496565378,472.8360546297143,34.80888496565378,177.3054622738257,34.80888496565378,435.9383441867501,36.42341796463017,43.48241294345236,36.42341796463017,176.85287755088726,36.42341796463017,377.14592733151096
35.60232210561782,1.5261589315138921,35.60232210561782,3424.8834182275154,35.60232210561782,445.6090164679904,35.60232210561782,206.25522441329875,35.60232210561782,341.4345149226164,37.223417964630165,48.705755572608695,37.223417964630165,193.31015495187785,37.223417964630165,393.11096288319203
36.403096109586066,1.5867298023349516,36.403096109586066,3486.7125025265245,36.403096109586066,455.0790468629642,36.403096109586066,233.66433330380187,36.403096109586066,411.5032463865603,38.02341796463016,53.43932936181352,38.02341796463016,176.8240113084266,38.02341796463016,406.3707150569667
37.31512628367918,1.5726823443356321,37.31512628367918,3472.4379576940696,37.31512628367918,452.90437539739315,37.31512628367918,190.67981920238978,37.31512628367918,374.06114536176636,38.82341796463016,45.4981382044953,38.82341796463016,197.7334256165117,38.82341796463016,326.26695282308765
38.16624297518548,1.6690738491412132,38.16624297518548,3568.558130863062,38.16624297518548,467.7165925100244,38.16624297518548,192.77613940158508,38.16624297518548,332.8735956806247,39.62341796463016,49.39847226815012,39.62341796463016,190.11894529464377,39.62341796463016,365.402339594503
38.89834540919955,1.6762244399569834,38.89834540919955,3574.5517933423694,38.89834540919955,468.93276048733287,38.89834540919955,177.3658132941752,38.89834540919955,409.38497791599565,40.423417964630154,62.7275734118039,40.423417964630154,186.8186391786509,40.423417964630154,404.1311151052469
39.75471511489661,1.4295697434052712,39.75471511489661,3330.2527422857647,39.75471511489661,429.2676424384734,39.75471511489661,210.83613923184922,39.75471511489661,380.5234568019821,41.22341796463015,42.29181524316107,41.22341796463015,182.84065642450318,41.22341796463015,383.9299423662203
40.53206856184534,1.6678051369222193,40.53206856184534,3568.098440926186,40.53206856184534,467.42127901866417,40.53206856184534,217.97839000651345,40.53206856184534,408.7714795649724,42.02341796463015,48.31237635001693,42.02341796463015,169.85014339039256,42.02341796463015,362.7114271488656
41.22820062141599,1.4450779865428616,41.22820062141599,3343.996653029462,41.22820062141599,432.14097873982826,41.22820062141599,186.77393556193266,41.22820062141599,431.22964398812246,42.823417964630146,55.031502019254305,42.823417964630146,193.68926364187226,42.823417964630146,445.72933604805013
42.08221093156491,1.5317584698536775,42.08221093156491,3432.9691585899395,42.08221093156491,446.1905712205213,42.08221093156491,177.99530059912468,42.08221093156491,333.67353903545734,43.62341796463014,53.98644580884326,43.62341796463014,186.95979278209668,43.62341796463014,428.2298787240475
42.821600211413184,1.4316728709624558,42.821600211413184,3328.756189554264,42.821600211413184,430.09243976927115,42.821600211413184,225.43108564308088,42.821600211413184,469.47493707027445,44.42341796463014,50.97687764344976,44.42341796463014,209.9129731470823,44.42341796463014,335.755077181131
43.58995753598399,1.4475129659080914,43.58995753598399,3347.4026401247597,43.58995753598399,432.4286981664511,43.58995753598399,207.89255793685328,43.58995753598399,426.45766565698773,45.22341796463014,57.53873338798754,45.22341796463014,187.45660524722754,45.22341796463014,352.8568506441754
44.50391884338453,1.504878825370742,44.50391884338453,3405.433910206178,44.50391884338453,441.90516247006855,44.50391884338453,190.11054588291648,44.50391884338453,406.98800188194804,46.023417964630134,53.759718342068936,46.023417964630134,187.54724810586183,46.023417964630134,392.26792531204615
45.30417915248325,1.858162991643982,45.30417915248325,3759.902586105909,45.30417915248325,494.2050888527039,45.30417915248325,140.03761110777657,45.30417915248325,407.51621292332453,46.82341796463013,45.10382085180929,46.82341796463013,193.4222825579484,46.82341796463013,414.1858774164724
45.934896902937304,1.2443304067086685,45.934896902937304,3142.4487552317632,45.934896902937304,395.9747647871814,45.934896902937304,177.21097787613928,45.934896902937304,425.9805816743263,47.62341796463013,58.65619315604548,47.62341796463013,188.17495267418545,47.62341796463013,418.1967951520821
46.83735950666465,1.4496926328088704,46.83735950666465,3349.45876904752,46.83735950666465,432.81399556416005,46.83735950666465,168.16008392910868,46.83735950666465,387.0243216522502,48.423417964630126,53.59896147901269,48.423417964630126,189.48167759500495,48.423417964630126,408.90453340571895
47.59204112682276,1.208631582595537,47.59204112682276,3108.390552536309,47.59204112682276,388.82874020104947,47.59204112682276,193.5062191796316,47.59204112682276,476.33223929226517,49.22341796463012,53.98763258041623,49.22341796463012,187.78247447483025,49.22341796463012,396.9327442886826
48.39353516260482,1.3490251457372076,48.39353516260482,3252.425259492484,48.39353516260482,414.7751410428145,48.39353516260482,195.65251563926287,48.39353516260482,348.8628864016668,50.02341796463012,52.11780891118354,50.02341796463012,196.8091943053421,50.02341796463012,350.62251444156163
49.33108733987197,1.7141539125408047,49.33108733987197,3615.9240246455843,49.33108733987197,474.05694944290707,49.33108733987197,175.57398281259748,49.33108733987197,350.6369167819114,50.82341796463012,45.26085650632028,50.82341796463012,190.57292228350437,50.82341796463012,253.12651661483397
50.1776538887336,1.712609664121217,50.1776538887336,3612.3680920836014,50.1776538887336,474.0961110453696,50.1776538887336,167.37748009788086,50.1776538887336,346.3751956210176,51.623417964630114,49.97809963285863,51.623417964630114,182.1511738593168,51.623417964630114,440.00578775158107
50.97669071715829,1.4084156337850693,50.97669071715829,3306.0227946797468,50.97669071715829,426.0151006979073,50.97669071715829,162.04812925691184,50.97669071715829,381.7256951234635,52.42341796463011,48.51478443302818,52.42341796463011,196.30074520841936,52.42341796463011,360.10234982207334
51.70155197991525,1.9306822767029077,51.70155197991525,3834.6269247251607,51.70155197991525,503.48634028883674,51.70155197991525,174.3628250002118,51.70155197991525,467.82653368461814,53.22341796463011,57.066107795576876,53.22341796463011,192.3252808232496,53.22341796463011,336.0528673160504
52.44497798155949,1.7643825931415908,52.44497798155949,3663.1391115882066,52.44497798155949,481.65863741293117,52.44497798155949,117.85733793235559,52.44497798155949,465.86844502163495,54.023417964630106,54.838448449537886,54.023417964630106,195.04094210692523,54.023417964630106,298.76894073468526
53.240028065624486,1.7247454202566355,53.240028065624486,3623.592693597566,53.240028065624486,475.9766248850332,53.240028065624486,175.23244794441035,53.240028065624486,393.15782234854845,54.8234179646301,47.38316016593178,54.8234179646301,178.04731796074242,54.8234179646301,416.1368703644562
53.951562760310686,1.9042166122749644,53.951562760310686,3804.748895091867,53.951562760310686,500.4841751137394,53.951562760310686,165.34230557763252,53.951562760310686,394.4360584725617,55.6234179646301,45.00323188439269,55.6234179646301,176.37320322913328,55.6234179646301,436.87842102913515
54.82855512716638,1.398073087205354,54.82855512716638,3296.1103290607107,54.82855512716638,424.1584618327268,54.82855512716638,182.18610339799085,54.82855512716638,441.03380333168093,56.4234179646301,50.72539717917385,56.4234179646301,182.11940089754881,56.4234179646301,444.2215538893781
55.61240580304927,1.3120087272307308,55.61240580304927,3213.7814340221194,55.61240580304927,408.24454125641097,55.61240580304927,137.00046947103095,55.61240580304927,471.5043458327236,57.223417964630094,54.400743956767414,57.223417964630094,188.3442502120465,57.223417964630094,311.587405492095
56.44681577711628,1.8020228723137164,56.44681577711628,3701.448943172403,56.44681577711628,486.84255813866656,56.44681577711628,181.2593227821434,56.44681577711628,461.9131891028329,58.02341796463009,49.00735305927312,58.02341796463009,191.05559180560073,58.02341796463009,462.67005568168327
57.16583911052877,1.453840511077235,57.16583911052877,3353.584519290594,57.16583911052877,433.51837495503935,57.16583911052877,132.7365812091852,57.16583911052877,351.0500901407422,60.90500740887178,51.160387261416965,60.90500740887178,192.54925882950008,60.90500740887178,302.6971795738391
58.04661718174215,1.238895223972371,58.04661718174215,3138.581224761318,58.04661718174215,394.73097404595165,58.04661718174215,117.73553130525057,58.04661718174215,394.4247827998559,61.70500740887178,46.927499149808426,61.70500740887178,197.78459807258537,61.70500740887178,420.73906384221596
58.87693925594644,1.1266812482282362,58.87693925594644,3023.138456452064,58.87693925594644,372.68595681538915,58.87693925594644,177.91190215706732,58.87693925594644,401.96741109902507,62.505007408871776,40.87693054063841,62.505007408871776,193.67773484713896,62.505007408871776,431.5806016176028
61.66280342531034,1.911251191119894,61.66280342531034,3808.5432268191034,61.66280342531034,501.8326108684268,61.66280342531034,199.33344375643696,61.66280342531034,348.68089042237494,63.305007408871774,56.748896843351396,63.305007408871774,187.2985648421272,63.305007408871774,370.00436973310843
62.48825539356891,1.5792006173318895,62.48825539356891,3477.6470526496314,62.48825539356891,454.10031363840994,62.48825539356891,184.7114911260697,62.48825539356891,414.35691193022353,64.10500740887177,49.188878533548326,64.10500740887177,188.74712114052932,64.10500740887177,417.5711396968161
63.29879313978998,1.3715828397347478,63.29879313978998,3271.9817732867336,63.29879313978998,419.1902445584167,63.29879313978998,216.46092888323446,63.29879313978998,376.3652919238959,64.90500740887177,51.925931740999665,64.90500740887177,185.80994240489102,64.90500740887177,345.38138871256524
64.10345461624586,1.2015124781655844,64.10345461624586,3102.9293989072753,64.10345461624586,387.21876127401026,64.10345461624586,197.43385079040218,64.10345461624586,347.0939197635579,65.70500740887177,46.893054357250215,65.70500740887177,181.7916833519277,65.70500740887177,397.15980832577105
64.93283499838465,1.3491125186769395,64.93283499838465,3251.9371077257906,64.93283499838465,414.8642713513078,64.93283499838465,183.79608528782,64.93283499838465,388.19466195287373,66.50500740887176,52.012254045644845,66.50500740887176,197.87409974114624,66.50500740887176,355.0409178997309
65.65294085504384,1.572949493734549,65.65294085504384,3475.1267850215154,65.65294085504384,452.63082213698584,65.65294085504384,172.18686279027887,65.65294085504384,388.8071248283226,67.30500740887176,52.389394754862934,67.30500740887176,187.82046295816798,67.30500740887176,421.0137444384289
66.45947161362284,1.7095243385826477,66.45947161362284,3608.0438478010205,66.45947161362284,473.809191544206,66.45947161362284,193.9684410270666,66.45947161362284,461.0087728956081,68.10500740887176,45.28063289311627,68.10500740887176,189.24800746513017,68.10500740887176,373.43756199587284
67.33410457833813,1.6662693392927554,67.33410457833813,3565.846666586604,67.33410457833813,467.28575148964177,67.33410457833813,214.18357391865214,67.33410457833813,343.1219483503092,68.90500740887175,49.382363054243484,68.90500740887175,173.07692915509438,68.90500740887175,399.5013964480396
68.19407739134449,1.2927485503114595,68.19407739134449,3196.7481526419433,68.19407739134449,404.3948689680391,68.19407739134449,188.8500873713611,68.19407739134449,379.8403508439163,71.97688929213926,46.07764142333362,71.97688929213926,188.15269863141833,71.97688929213926,408.5111394510437
68.99178245460108,1.7381074122334481,68.99178245460108,3637.41872848244,68.99178245460108,477.84089267022614,68.99178245460108,158.2355949155139,68.99178245460108,573.7207552710578,72.77688929213926,46.764433140702295,72.77688929213926,189.0775723691681,72.77688929213926,414.82249573437406
69.65156228637154,1.4801346433251679,69.65156228637154,3381.443196381834,69.65156228637154,437.72275840946304,69.65156228637154,184.7320162131929,69.65156228637154,417.8482528959777,73.57688929213926,49.46494688195624,73.57688929213926,187.28781074893243,73.57688929213926,314.6532716628148
72.66531730988413,1.9578220344079214,72.66531730988413,3858.004199672309,72.66531730988413,507.47016671838117,72.66531730988413,148.5243529339472,72.66531730988413,420.33217253577754,74.37688929213925,57.16985512480861,74.37688929213925,195.01137869540898,74.37688929213925,342.38333498445616
73.47632862257645,1.5884631415287482,73.47632862257645,3488.0104589496545,73.47632862257645,455.4066451988457,73.47632862257645,160.18635909701527,73.47632862257645,373.8091382463857,75.17688929213925,53.36636211915621,75.17688929213925,210.50392946236667,75.17688929213925,386.8440830609721
74.36416623290836,1.3559694368309725,74.36416623290836,3253.361951753273,74.36416623290836,416.79021791603157,74.36416623290836,194.05471973410374,74.36416623290836,403.3357164484558,75.97688929213925,51.924796025622484,75.97688929213925,187.3356801914881,75.97688929213925,375.93264981585554
75.19832407275887,1.5639176064170353,75.19832407275887,3463.9688918441266,75.19832407275887,451.48142354836403,75.19832407275887,218.56795573274445,75.19832407275887,490.2552683373099,76.77688929213924,53.9187777352961,76.77688929213924,192.29703411043909,76.77688929213924,402.1941971155099
75.8558710470792,1.44842075526772,75.8558710470792,3353.857463063731,75.8558710470792,431.86711755621104,75.8558710470792,175.40962077604465,75.8558710470792,351.01722689582243,77.57688929213924,48.44142290592526,77.57688929213924,191.6218279024974,77.57688929213924,374.0088946935537
76.68472915119146,1.546411707062111,76.68472915119146,3449.5532096720517,76.68472915119146,448.29333338769635,76.68472915119146,197.6413324984511,76.68472915119146,315.07994182994605,78.37688929213924,52.496263648224414,78.37688929213924,189.41979705553962,78.37688929213924,338.44901786042095
77.55062704133981,1.4978707311399995,77.55062704133981,3396.473021852276,77.55062704133981,441.0076928340009,77.55062704133981,148.13477715150896,77.55062704133981,329.3212309357245,79.17688929213924,57.50151576534614,79.17688929213924,182.0929330546848,79.17688929213924,363.11378459906473
78.3321756553742,1.063057064107992,78.3321756553742,2962.848114904997,78.3321756553742,358.7956664940547,78.3321756553742,173.60620950497568,78.3321756553742,409.1420399209979,79.97688929213923,54.34579696866198,79.97688929213923,192.06894871821495,79.97688929213923,248.88968367558317
79.18471214357093,1.4950876976111294,79.18471214357093,3391.8815015373734,79.18471214357093,440.78417743470095,79.18471214357093,167.3212336101415,79.18471214357093,372.1665338320062,80.77688929213923,61.841757277336995,80.77688929213923,189.33916479951392,80.77688929213923,331.6524906878707
79.82393245874354,1.4947369764527947,79.82393245874354,3393.803596778202,79.82393245874354,440.4311958039573,79.82393245874354,163.71667712426444,79.82393245874354,448.3238381355545,81.57688929213923,59.214872178021736,81.57688929213923,180.02785922037287,81.57688929213923,418.8676511847076
80.77598378689144,1.3535387246497512,80.77598378689144,3253.779113278395,80.77598378689144,415.9897391700854,80.77598378689144,191.1970984474209,80.77598378689144,462.19946982457526,82.37688929213923,58.15308607637644,82.37688929213923,184.50138698291812,82.37688929213923,330.21059857413655
81.54171943354524,1.5421168291290137,81.54171943354524,3440.6192992376195,81.54171943354524,448.20908534423427,81.54171943354524,172.07810757246193,81.54171943354524,335.486100990747,83.17688929213922,52.60653263413428,83.17688929213922,181.23602446296323,83.17688929213922,431.6665049535304
82.1131510167423,1.4261278200625946,82.1131510167423,3325.0027752234528,82.1131510167423,428.91026458369,82.1131510167423,214.1299219896784,82.1131510167423,285.22989647219924,83.97688929213922,51.8590428347788,83.97688929213922,197.3437147201579,83.97688929213922,364.63804075683066
83.17709189084994,1.332697927990662,83.17709189084994,3230.8519301724305,83.17709189084994,412.49118090024507,83.17709189084994,160.92776322329192,83.17709189084994,468.52974813661416,84.77688929213922,61.94257137735108,84.77688929213922,182.32232110656645,84.77688929213922,390.8028599480509
84.0249765841786,1.6116489615009824,84.0249765841786,3510.271328254542,84.0249765841786,459.1237573371183,84.0249765841786,149.17786870337596,84.0249765841786,467.09876190483305,85.57688929213921,48.30179270988572,85.57688929213921,198.8795394577658,85.57688929213921,423.01436106409426
84.7680850402182,1.804958560877502,84.7680850402182,3706.7482840671137,84.7680850402182,486.93853009545813,84.7680850402182,194.76904725384236,84.7680850402182,381.34712715296337,86.37688929213921,47.06938091151883,86.37688929213921,196.13941035575803,86.37688929213921,409.7080620761164
85.69054899772256,1.8925650626998312,85.69054899772256,3795.904507161331,85.69054899772256,498.5807886181881,85.69054899772256,159.7367431146863,85.69054899772256,473.3464585495293,87.17688929213921,44.540413849912895,87.17688929213921,199.24846673724946,87.17688929213921,451.1107420404422
86.48032215562093,1.4445795905150556,86.48032215562093,3342.2001244685384,86.48032215562093,432.2241447898833,86.48032215562093,163.08200008110575,86.48032215562093,325.09140837915595,87.9768892921392,41.0246374813738,87.9768892921392,197.6039314029863,87.9768892921392,451.61903298742334
87.34834588769449,2.085813518082089,87.34834588769449,3983.1892116820595,87.34834588769449,523.6541392421757,87.34834588769449,201.3849338901891,87.34834588769449,356.9553546672488,88.7768892921392,55.353697606876764,88.7768892921392,194.08888540891502,88.7768892921392,437.29002544281616
88.15800881480878,1.58615798123343,88.15800881480878,3488.6540512064435,88.15800881480878,454.6618718714475,88.15800881480878,168.37745741136803,88.15800881480878,442.0190302159788,89.5768892921392,42.591094652462296,89.5768892921392,202.21269137110338,89.5768892921392,425.5616000947305
88.90856830940861,1.442329228439604,88.90856830940861,3346.41191245179,88.90856830940861,431.00767812617056,88.90856830940861,201.72528613444462,88.90856830940861,458.0116689602754,91.81353419632133,43.81686190305638,91.81353419632133,213.20158870696338,91.81353419632133,351.70489035884117
89.73081915878306,1.7315137218020122,89.73081915878306,3629.954104521486,89.73081915878306,477.0070562724833,89.73081915878306,155.91454940995283,89.73081915878306,387.30298904711685,92.61353419632132,56.22151936403339,92.61353419632132,203.8550501843273,92.61353419632132,409.86113794985914
90.56335844505352,1.4691072206343103,90.56335844505352,3370.445022228445,90.56335844505352,435.8793010849877,90.56335844505352,228.77471666669013,90.56335844505352,382.85011995469824,93.41353419632132,53.3008639544461,93.41353419632132,184.24653046675007,93.41353419632132,428.14674676184507
92.67872445363132,1.8781333818887076,92.67872445363132,3780.0015990415604,92.67872445363132,496.86047285401105,92.67872445363132,187.1268476721753,92.67872445363132,484.215717638524,94.21353419632132,56.600764155492335,94.21353419632132,183.65575636684545,94.21353419632132,438.9719000510205
93.43382811876721,1.6783489268686695,93.43382811876721,3576.126415714684,93.43382811876721,469.32035721484806,93.43382811876721,182.42899444539444,93.43382811876721,437.2679049012386,95.01353419632132,45.270855335901516,95.01353419632132,180.44220751401824,95.01353419632132,491.4791657951663
94.16877362167102,1.190567690206173,94.16877362167102,3089.7265512860718,94.16877362167102,385.331086892013,94.16877362167102,127.11384810546393,94.16877362167102,424.56188786931165,95.81353419632131,44.86603902297699,95.81353419632131,193.04188095507976,95.81353419632131,454.7159098030635
95.1048192952188,1.6663957027551235,95.1048192952188,3565.2369443256894,95.1048192952188,467.4011093168163,95.1048192952188,210.05519919068135,95.1048192952188,358.82866303412584,96.61353419632131,51.31169493164695,96.61353419632131,196.25621996249464,96.61353419632131,465.63588142723484
95.85744754739127,1.763679666223457,95.85744754739127,3662.308328168386,95.85744754739127,481.57596471554274,95.85744754739127,198.45743152183408,95.85744754739127,393.05267460316827,97.41353419632131,46.55580603513774,97.41353419632131,185.5990190370997,97.41353419632131,443.2033194050764
96.63941276899904,1.8611297966587723,96.63941276899904,3761.003772526505,96.63941276899904,494.84922356473294,96.63941276899904,128.88771117288914,96.63941276899904,447.3636961715722,98.2135341963213,52.850043266109154,98.2135341963213,191.9663251221423,98.2135341963213,381.77900759699435
97.57034063665179,1.372322971676311,97.57034063665179,3271.6175061649155,97.57034063665179,419.46314600968975,97.57034063665179,155.35391234385304,97.57034063665179,499.1421751486893,99.0135341963213,46.87165532782242,99.0135341963213,195.44151307593305,99.0135341963213,396.98774769632956
98.4127771224076,1.6836278156071063,98.4127771224076,3585.212600173219,98.4127771224076,469.60334110333156,98.4127771224076,187.7289521028094,98.4127771224076,477.5090318519903,102.03991837933488,49.238175888207195,102.03991837933488,182.87225140511032,102.03991837933488,393.6571312024819
99.29558920375374,1.5110975248147471,99.29558920375374,3412.318276880036,99.29558920375374,442.8360434761026,99.29558920375374,185.34760206167866,99.29558920375374,350.6448163561341,102.83991837933488,43.94598360401531,102.83991837933488,188.81531031426397,102.83991837933488,355.1295123126723
100.2100667459583,1.3551656888725834,100.2100667459583,3253.2603284931847,100.2100667459583,416.55617812185864,100.2100667459583,194.0479536701243,100.2100667459583,416.42694989011125,103.63991837933487,45.2700854979192,103.63991837933487,195.46262466888632,103.63991837933487,414.17831407679876
102.76734185919157,1.7242565176765678,102.76734185919157,3623.7073527604853,102.76734185919157,475.8266465317779,102.76734185919157,168.6881579038237,102.76734185919157,366.2615497221837,104.43991837933487,39.291398196287645,104.43991837933487,190.49933890582244,104.43991837933487,415.9157783755675
103.78228757086428,1.6402455799571753,103.78228757086428,3543.1826793977984,103.78228757086428,462.9300062609113,103.78228757086428,188.68580676154107,103.78228757086428,329.35352189315097,105.23991837933487,42.82250145686657,105.23991837933487,200.11985041546535,105.23991837933487,327.94981369057615
104.50797754845196,1.2227326405857424,104.50797754845196,3120.4501319989167,104.50797754845196,391.8449546900713,104.50797754845196,232.1055647519915,104.50797754845196,433.99300365353093,106.03991837933486,52.41529655112581,106.03991837933486,203.3060238397148,106.03991837933486,490.38636528457323
105.1707870920655,1.7633515329546208,105.1707870920655,3662.555082609278,105.1707870920655,481.45392852313734,105.1707870920655,170.41749649426282,105.1707870920655,380.0456557709872,106.83991837933486,44.94350127308499,106.83991837933486,197.07429329331626,106.83991837933486,412.2654715368457
106.07352345751264,1.4155500688896812,106.07352345751264,3316.227972877818,106.07352345751264,426.8554756991778,106.07352345751264,209.67379836953424,106.07352345751264,400.08481631406846,107.63991837933486,45.235014136235215,107.63991837933486,177.59333381789313,107.63991837933486,387.2179653631821
106.87286530478518,1.8002177999357118,106.87286530478518,3700.690203884189,106.87286530478518,486.4546073179079,106.87286530478518,192.88842029956152,106.87286530478518,322.3351697598378,108.43991837933486,54.24326870084785,108.43991837933486,200.16892071412272,108.43991837933486,361.0507538981011
107.48842181703579,1.5603979431285908,107.48842181703579,3460.779698500865,107.48842181703579,450.8804602051155,107.48842181703579,149.6314224884731,107.48842181703579,270.84043020576905,109.23991837933485,51.3457380152508,109.23991837933485,180.20212185758407,109.23991837933485,458.05154515289
108.498922406476,1.650219162141466,108.498922406476,3552.2094021543644,108.498922406476,464.5613406519986,108.498922406476,173.02880204603534,108.498922406476,477.7901047444609,110.03991837933485,56.852952184347885,110.03991837933485,168.72657572505196,110.03991837933485,463.06877184095015
109.2946276933779,1.7307300281513567,109.2946276933779,3628.052272188153,109.2946276933779,477.0410948647986,109.2946276933779,183.94851566957033,109.2946276933779,426.33899340008685,110.83991837933485,51.63163128488666,110.83991837933485,197.14018241640034,110.83991837933485,424.9081960384291
110.28187889968491,1.5052331547987563,110.28187889968491,3407.4063439490624,110.28187889968491,441.7533463456092,110.28187889968491,195.53027251364045,110.28187889968491,407.59440259188807,111.63991837933484,58.476305790945375,111.63991837933484,183.50965081982662,111.63991837933484,448.3238781919342
111.05060764288189,1.5385948181388027,111.05060764288189,3437.9427337826205,111.05060764288189,447.53357960850997,111.05060764288189,154.09120275657605,111.05060764288189,486.9439914413333,112.43991837933484,39.4191145591962,112.43991837933484,166.97040791401298,112.43991837933484,416.7399594757348
111.8165662769447,1.6491807512540315,111.8165662769447,3548.5051932408423,111.8165662769447,464.7536530016568,111.8165662769447,213.59180754776398,111.8165662769447,361.3721018189979,113.23991837933484,53.9665801348536,113.23991837933484,195.79969013795235,113.23991837933484,417.7193315380116
112.6425070142835,1.5498202859368704,112.6425070142835,3447.709418666042,112.6425070142835,449.5217252202517,112.6425070142835,148.03650249577703,112.6425070142835,398.25780252119677,114.03991837933484,49.30897304161554,114.03991837933484,186.67421958211216,114.03991837933484,430.5228547152394
113.43367454453436,1.48563046830352,113.43367454453436,3383.7158433141344,113.43367454453436,439.0529633979074,113.43367454453436,169.5263756540968,113.43367454453436,360.21372306452565,114.83991837933483,48.76782385532538,114.83991837933483,159.20139888433994,114.83991837933483,486.09505884746636
114.05671176230145,1.692327436201169,114.05671176230145,3593.5178201795134,114.05671176230145,470.93892973004074,114.05671176230145,194.99524794138756,114.05671176230145,361.05981044183073,115.63991837933483,48.635251353654695,115.63991837933483,196.76664185257908,115.63991837933483,289.7165337419073
114.7842031753711,2.0247737069173386,114.7842031753711,3924.691371757532,114.7842031753711,515.9064790387878,114.7842031753711,121.06797519167239,114.7842031753711,399.65603937479995,116.43991837933483,48.011181237460015,116.43991837933483,185.69805601675753,116.43991837933483,396.34847075954934
115.57739644367079,1.9422970567742728,115.57739644367079,3839.0119284273683,115.57739644367079,505.9367079304505,115.57739644367079,137.5583314733772,115.57739644367079,413.2989866150182,117.23991837933482,47.27821328390726,117.23991837933482,169.7818685923476,117.23991837933482,441.4507608958778
116.51403655848512,1.9363273006986623,116.51403655848512,3835.221664137334,116.51403655848512,504.88015303131255,116.51403655848512,158.6018151502384,116.51403655848512,452.6934320051458,118.03991837933482,51.6774005276341,118.03991837933482,189.43137763656165,118.03991837933482,429.10681293814724
117.27187082218454,1.5747551760084009,117.27187082218454,3472.206838002054,117.27187082218454,453.5315001322134,117.27187082218454,192.98291767930928,117.27187082218454,387.02366971640686,120.69325869184837,54.2222440753468,120.69325869184837,179.83713295826527,120.69325869184837,402.0010671284329
117.9896632766258,1.4172905592755483,117.9896632766258,3317.6923269133463,117.9896632766258,427.1916801260897,117.9896632766258,224.6508135573063,117.9896632766258,407.1735819628201,121.49325869184837,52.300315930394795,121.49325869184837,175.58312248474584,121.49325869184837,443.2723840963298
118.8284432581235,1.6260071290302966,118.8284432581235,3528.6001699410863,118.8284432581235,460.80798354023904,118.8284432581235,228.89131719035277,118.8284432581235,471.32951609751603,122.29325869184837,49.36347969338116,122.29325869184837,176.37088322138695,122.29325869184837,449.6911821603263
121.56143988968013,1.7928983119093511,121.56143988968013,3690.545304837091,121.56143988968013,485.80850899173385,121.56143988968013,135.04486094273415,121.56143988968013,359.0408572369747,123.09325869184836,49.6743334533468,123.09325869184836,204.70519020307947,123.09325869184836,432.90332389080544
122.2988309670814,1.518922545303268,122.2988309670814,3419.230594116233,122.2988309670814,444.22933858775417,122.2988309670814,158.38971488354284,122.2988309670814,362.0986897707554,123.89325869184836,50.2537312246851,123.89325869184836,216.13540132921693,123.89325869184836,380.6523847767436
123.07225504811706,1.2133442192583919,123.07225504811706,3110.48021004844,123.07225504811706,390.0826037531666,123.07225504811706,181.82772509805048,123.07225504811706,308.153318144316,124.69325869184836,58.34626877476588,124.69325869184836,178.85952733179317,124.69325869184836,386.2762863616018
123.9437085785237,1.4531537018876317,123.9437085785237,3351.7563891889863,123.9437085785237,433.54991626919724,123.9437085785237,167.2256541973536,123.9437085785237,398.5801717951218,125.49325869184835,55.2055223254838,125.49325869184835,190.95838746775397,125.49325869184835,409.1024491590102
124.83863985333406,1.635951268542336,124.83863985333406,3534.96220999501,124.83863985333406,462.7917277069407,124.83863985333406,226.97068082599816,124.83863985333406,412.2339819779596,126.29325869184835,59.87659780681474,126.29325869184835,182.35394314868438,126.29325869184835,439.9521702831907
125.55759330544217,1.4920945474497747,125.55759330544217,3393.5239255192805,125.55759330544217,439.6888250084911,125.55759330544217,173.83389913134093,125.55759330544217,303.0751242005927,129.6408813724621,47.873134383415284,129.6408813724621,194.118799057199,129.6408813724621,450.27659008360814
126.43578595546727,1.7805491106641531,126.43578595546727,3677.970657005093,126.43578595546727,484.11183141793276,126.43578595546727,197.3556363509212,126.43578595546727,376.76020909286865,130.44088137246212,41.38815185649034,130.44088137246212,196.67913785554754,130.44088137246212,387.2241452423436
127.1979125150548,1.750667078140478,127.1979125150548,3650.132586531732,127.1979125150548,479.6173937900485,127.1979125150548,236.44424515546157,127.1979125150548,363.00206404846506,131.24088137246213,40.560468493723114,131.24088137246213,181.5406957504584,131.24088137246213,403.239548476266
130.43313029731328,1.8060923174266195,130.43313029731328,3705.0795399253584,130.43313029731328,487.4638446933327,130.43313029731328,203.17232378804943,130.43313029731328,376.428448242879,132.04088137246214,50.53389232203883,132.04088137246214,199.87887868034895,132.04088137246214,355.2392977201116
131.25524747582136,1.6483108285831143,131.25524747582136,3552.173826512303,131.25524747582136,464.02876353646974,131.25524747582136,190.75185687398786,131.25524747582136,423.12294953412055,132.84088137246215,49.93479676220428,132.84088137246215,212.8331132671443,132.84088137246215,374.9148737392592
132.1559974642494,1.5564797434181594,132.1559974642494,3456.4448750528936,132.1559974642494,450.31232948401663,132.1559974642494,160.44723343180453,132.1559974642494,410.5836916926594,133.64088137246216,48.98709995980405,133.64088137246216,188.46636535256295,133.64088137246216,370.311624748542
132.96946826310497,1.5705101035063538,132.96946826310497,3467.892405090836,132.96946826310497,452.87163500253314,132.96946826310497,160.1412079600418,132.96946826310497,491.43428921153816,134.44088137246217,51.01330378559974,134.44088137246217,195.05245918424995,134.44088137246217,426.70587719013275
133.76176457214532,1.5921261099530022,133.76176457214532,3492.558141486744,133.76176457214532,455.86244965853354,133.76176457214532,244.34852897016557,133.76176457214532,420.79664936815465,135.24088137246218,47.80395962621165,135.24088137246218,196.59669969315925,135.24088137246218,340.0531580047607
134.62434971616273,1.697590631484648,134.62434971616273,3594.9974073462217,134.62434971616273,472.20913929331215,134.62434971616273,179.12174746213876,134.62434971616273,350.65637245603597,136.0408813724622,45.163117493629706,136.0408813724622,189.9117808237449,136.0408813724622,396.7446401574906
135.37352618121594,1.477919637991137,135.37352618121594,3379.014314912451,135.37352618121594,437.3818812985494,135.37352618121594,158.9427288649209,135.37352618121594,493.54156877458195,136.8408813724622,44.59362238722428,136.8408813724622,194.0508748157219,136.8408813724622,306.4989209149536
136.27666869760617,1.6083150152895926,136.27666869760617,3508.9951911169996,136.27666869760617,458.3406153878559,136.27666869760617,169.34463333636103,136.27666869760617,402.2883483408632,137.64088137246222,42.45485470933778,137.64088137246222,187.68878540048647,137.64088137246222,424.3148189825069
137.0085726167201,1.852762213724748,137.0085726167201,3753.1459027790297,137.0085726167201,493.6557921590162,137.0085726167201,178.9551094412476,137.0085726167201,485.6860265561628,138.44088137246223,49.42366527571623,138.44088137246223,187.4331969996407,138.44088137246223,450.3816112007406
137.79459750024697,1.442509571434434,137.79459750024697,3341.4986479863846,137.79459750024697,431.69539281534725,137.79459750024697,177.90702815100715,137.79459750024697,301.87652963221024,139.24088137246224,55.37764261369336,139.24088137246224,192.7339117605521,139.24088137246224,406.7730221760939
138.53472994274426,1.5780397028917217,138.53472994274426,3478.4875460302724,138.53472994274426,453.6568499986771,138.53472994274426,192.01922646349902,138.53472994274426,351.21693746197354,140.04088137246225,55.73689592391184,140.04088137246225,180.87844736116043,140.04088137246225,401.96627850457
139.36648300510387,1.2954552360046085,139.36648300510387,3193.4891040513053,139.36648300510387,405.6551294824134,139.36648300510387,207.44715391799895,139.36648300510387,416.98062566982253,140.84088137246226,50.33964823581335,140.84088137246226,182.8611763446548,140.84088137246226,482.3468604143311
140.17296526690137,1.9677075417676022,140.17296526690137,3870.3670596637253,140.17296526690137,508.4033404156157,140.17296526690137,170.6160623131541,140.17296526690137,415.1587765761595,141.64088137246227,44.60870531949924,141.64088137246227,187.77437887228947,141.64088137246227,440.87590073580463
140.95951226205221,2.0264299985198297,140.95951226205221,3928.3852362412345,140.95951226205221,515.84299315277,140.95951226205221,125.63945251814258,140.95951226205221,397.0050788137482,142.4408813724623,53.02359043783436,142.4408813724623,204.57473523956605,142.4408813724623,497.60688085139316
141.88143061061126,1.459582166445788,141.88143061061126,3358.6931266526885,141.88143061061126,434.56847988384817,141.88143061061126,178.1802568708408,141.88143061061126,530.1457038696553,143.2408813724623,44.799847601731386,143.2408813724623,205.27769016751353,143.2408813724623,341.2308695264744
142.61309685924962,1.4668730717250582,142.61309685924962,3365.955162226224,142.61309685924962,435.7969732296958,142.61309685924962,180.07685841851318,142.61309685924962,379.61563532353773,144.0408813724623,55.61860323086646,144.0408813724623,199.15624388408182,144.0408813724623,372.6947056299865
143.5800964908071,1.5089932694980133,143.5800964908071,3411.917133298177,143.5800964908071,442.2713713563506,143.5800964908071,159.6958179872499,143.5800964908071,420.7081809462122,144.84088137246232,51.01967364601959,144.84088137246232,199.73573477575175,144.84088137246232,364.12375794821685
144.34792398313144,1.448155137981087,144.34792398313144,3344.945329355307,144.34792398313144,432.9383578476003,144.34792398313144,171.77454205339848,144.34792398313144,387.8516503942792,145.64088137246233,51.98955070004821,145.64088137246233,183.58510241530118,145.64088137246233,405.9196406845862
145.17247132849985,1.500232077824779,145.17247132849985,3399.9588750481103,145.17247132849985,441.2500659448566,145.17247132849985,139.53821815434816,145.17247132849985,436.6725462705658,146.44088137246234,47.26492340732049,146.44088137246234,183.26654579834224,146.44088137246234,413.4391242764985
145.9454100642589,1.3778299604329616,145.9454100642589,3279.766843414828,145.9454100642589,420.09997241096335,145.9454100642589,190.0735814611523,145.9454100642589,423.4817939629421,149.18216171037486,47.9492451191066,149.18216171037486,173.86898856999704,149.18216171037486,461.16770881333946
146.6861316082735,1.5596804902440855,146.6861316082735,3458.7427421824264,146.6861316082735,450.93856539904016,146.6861316082735,174.4389798741707,146.6861316082735,453.93805245317594,149.98216171037487,56.93510034094888,149.98216171037487,198.38030065463968,149.98216171037487,385.5314357031106
147.54855005584022,1.4046317920033695,147.54855005584022,3304.8784135105393,147.54855005584022,425.0176908963281,147.54855005584022,197.72826757326297,147.54855005584022,336.70342633512814,150.78216171037488,54.31637840459332,150.78216171037488,183.78324201919148,150.78216171037488,430.9857020698271
150.03267913204917,1.4066663533862138,150.03267913204917,3304.630076906674,150.03267913204917,425.66530009402305,150.03267913204917,139.56897232399757,150.03267913204917,425.707953258646,151.5821617103749,46.07623618987206,151.5821617103749,189.42555454330952,151.5821617103749,472.48540598685605
150.9676813510137,1.4732257882107636,150.9676813510137,3373.6038835207596,150.9676813510137,436.69198847176926,150.9676813510137,198.22496523958677,150.9676813510137,431.4712911613366,152.3821617103749,43.5719739807853,152.3821617103749,185.20819688532305,152.3821617103749,391.5266594898522
151.7665626063489,1.464279292878445,151.7665626063489,3361.113445577126,151.7665626063489,435.6530407521006,151.7665626063489,137.5206260176971,151.7665626063489,412.8155414602772,153.1821617103749,51.8369473577059,153.1821617103749,180.9066757106803,153.1821617103749,400.0613075653195
152.72104048257214,1.707331553831124,152.72104048257214,3606.656964948528,152.72104048257214,473.38340474958085,152.72104048257214,156.18099391375296,152.72104048257214,475.43258796807834,153.98216171037492,44.75339767481073,153.98216171037492,189.0527503007919,153.98216171037492,494.84121431122304
153.53532377129488,1.4211786481604858,153.53532377129488,3319.99772146439,153.53532377129488,428.06615166399274,153.53532377129488,153.21321537953818,153.53532377129488,450.27452389921564,154.78216171037494,55.69391535598993,154.78216171037494,192.04888102341263,154.78216171037494,320.0991492931733
154.2815249226666,1.6628962462306742,154.2815249226666,3561.366309914443,154.2815249226666,466.92648313130786,154.2815249226666,185.76108893776654,154.2815249226666,392.58823550214396,155.58216171037495,53.59094239802858,155.58216171037495,203.88083925267276,155.58216171037495,369.7700217690641
155.07228067078236,1.5496064391480953,155.07228067078236,3449.202572490204,155.07228067078236,449.2651291365973,155.07228067078236,171.52931743048967,155.07228067078236,423.0974014769732,156.38216171037496,52.684687859249024,156.38216171037496,207.06338136205184,156.38216171037496,346.94036487531883
155.78722409341853,1.5900456609351517,155.78722409341853,3491.8387296827486,155.78722409341853,455.3605661735745,155.78722409341853,178.09496145911757,155.78722409341853,337.7114455290714,157.18216171037497,49.52032069967255,157.18216171037497,189.4146034536265,157.18216171037497,467.6689473961779
156.64844616068243,1.5817515196012708,156.64844616068243,3480.6711853821703,156.64844616068243,454.43865144291067,156.64844616068243,215.324958708218,156.64844616068243,419.29219607318043,157.98216171037498,59.08299195180822,157.98216171037498,185.47230114994687,157.98216171037498,342.223123159212
157.29553345471257,1.4791913493820223,157.29553345471257,3380.7366766846753,157.29553345471257,437.53521520421805,157.29553345471257,147.49765357542543,157.29553345471257,394.69283071176494,160.7428681909593,57.01558555829117,160.7428681909593,190.90735727150312,160.7428681909593,336.6947865715798
158.0366109061303,1.6144402145765369,158.0366109061303,3512.929901890919,158.0366109061303,459.57085955729593,158.0366109061303,160.77316394252495,158.0366109061303,514.7964318239136,161.54286819095933,46.29923583544063,161.54286819095933,196.12990477681015,161.54286819095933,462.81390829277365
158.92009162630552,1.6276669559928907,158.92009162630552,3525.618853930398,158.92009162630552,461.6684399047702,158.92009162630552,223.8664318022611,158.92009162630552,415.32432422026244,162.34286819095934,46.70142520654644,162.34286819095934,191.95243435862162,162.34286819095934,438.0668755307018
161.50416021087557,1.772671191973336,161.50416021087557,3671.664206791813,161.50416021087557,482.79774296741624,161.50416021087557,187.07590444086802,161.50416021087557,386.5043399153795,165.29585539488394,59.35578485041407,165.29585539488394,173.82448369200603,165.29585539488394,346.7639651259528
162.23708128497447,1.578919399302582,162.23708128497447,3480.7096648822385,162.23708128497447,453.61996584567214,162.23708128497447,196.1464670555725,162.23708128497447,418.08646281935654,166.09585539488396,44.307922116854826,166.09585539488396,170.80457873159855,166.09585539488396,384.16569386324954
163.09728440537256,1.5493214357232952,163.09728440537256,3450.916034879402,163.09728440537256,448.959470489533,163.09728440537256,166.69049707385807,163.09728440537256,388.94175398958976,166.89585539488397,53.32208694234252,166.89585539488397,178.3873706800676,166.89585539488397,444.9968961858499
166.10368836091678,1.1826900517651104,166.10368836091678,3084.715861543459,166.10368836091678,383.4032386935447,166.10368836091678,190.5422461064223,166.10368836091678,416.79598761425746,167.69585539488398,56.12418818970006,167.69585539488398,191.44021932552076,167.69585539488398,428.6947458880159
166.83918282953823,1.2993935016108042,166.83918282953823,3200.4221984790697,166.83918282953823,406.0069019107268,166.83918282953823,154.44623002471116,166.83918282953823,312.5165445896028,168.495855394884,57.50745430582815,168.495855394884,189.35515553024607,168.495855394884,335.679751264104
167.68410877096713,1.3594988246867357,167.68410877096713,3258.7568866350434,167.68410877096713,417.18326097364667,167.68410877096713,143.5152936945712,167.68410877096713,391.2599277175765,169.295855394884,49.85650495268285,169.295855394884,174.8180497410707,169.295855394884,410.6510461583713
168.36724264543128,1.6203486331398447,168.36724264543128,3518.172660223269,168.36724264543128,460.56540983892893,168.36724264543128,156.61472205522412,168.36724264543128,484.8463256839543,170.095855394884,57.21732888168536,170.095855394884,182.91796635731995,170.095855394884,310.0841138247382
169.32127617278172,1.461530320382081,169.32127617278172,3361.7424268253894,169.32127617278172,434.75380764440513,169.32127617278172,115.9655962136988,169.32127617278172,438.2877342563882,170.89585539488402,49.630797513782994,170.89585539488402,208.3105080991079,170.89585539488402,391.37696321188184
170.07870764006032,1.8002031593777061,170.07870764006032,3699.328940331249,170.07870764006032,486.6296532193513,170.07870764006032,149.7516747159683,170.07870764006032,441.43697882620063,171.69585539488403,47.27839842394926,171.69585539488403,183.27098407889955,171.69585539488403,391.90045954661815
170.92953090168652,1.8474272773760345,170.92953090168652,3747.262306104898,170.92953090168652,493.00719471019573,170.92953090168652,163.1917288934207,170.92953090168652,349.52392145767215,172.49585539488405,44.597085338257706,172.49585539488405,182.6708778503379,172.49585539488405,337.03104969863125
171.82928054826934,1.587111566709511,171.82928054826934,3488.551437561694,171.82928054826934,454.94859259372566,171.82928054826934,123.05909578739282,171.82928054826934,373.8549608505716,173.29585539488406,45.45246099733319,173.29585539488406,188.96228098288321,173.29585539488406,370.3617783335041
172.6287514931188,1.76615667424129,172.6287514931188,3665.4748385786925,172.6287514931188,481.835710793237,172.6287514931188,177.37148446269413,172.6287514931188,396.37381597506226,174.09585539488407,46.576735170812505,174.09585539488407,190.35027326939652,174.09585539488407,382.63181897596945
173.33696446720208,1.9904136006485003,173.33696446720208,3889.815552693981,173.33696446720208,511.6987100506588,173.33696446720208,258.6293655829607,173.33696446720208,401.66108692333574,174.89585539488408,49.78660159466051,174.89585539488408,175.0643116320294,174.89585539488408,369.0563779964043
174.18916428681624,1.6677456654036305,174.18916428681624,3566.000333884966,174.18916428681624,467.6796156064043,174.18916428681624,150.06997382155245,174.18916428681624,340.9382780796008,175.6958553948841,40.754102985688384,175.6958553948841,198.39289411627684,175.6958553948841,378.8156743442954
174.95460043990596,1.6432386883448518,174.95460043990596,3542.3937467546925,174.95460043990596,463.8780457001085,174.95460043990596,196.59650457942277,174.95460043990596,409.3847232803823,176.4958553948841,54.926223272705435,176.4958553948841,194.86253271908265,176.4958553948841,398.7392336708064
175.76973960077805,1.6389653232963601,175.76973960077805,3536.752954926152,175.76973960077805,463.40961446389235,175.76973960077805,181.75418969580036,175.76973960077805,359.08729530563835,177.29585539488411,50.9956864772202,177.29585539488411,193.38272969644117,177.29585539488411,289.75169695681075
176.50076194553824,1.662899604093765,176.50076194553824,3564.4376804213,176.50076194553824,466.5250884389759,176.50076194553824,205.43329348158727,176.50076194553824,425.3366958800344,178.09585539488413,50.67784019447015,178.09585539488413,178.6507990282696,178.09585539488413,406.58404212252935
177.403655530524,1.4074749358196827,177.403655530524,3308.4671064293802,177.403655530524,425.416028191582,177.403655530524,212.04138411747545,177.403655530524,384.25592093643075,178.89585539488414,50.513273519870694,178.89585539488414,191.99562268164635,178.89585539488414,390.769452982965
178.15899645033045,1.1532034917607648,178.15899645033045,3053.1653765416077,178.15899645033045,377.70750992434796,178.15899645033045,195.48477553591016,178.15899645033045,367.6858103292182,179.69585539488415,50.93942422081343,179.69585539488415,180.3604629245106,179.69585539488415,352.90237955783624
178.99268615869772,1.5747971011069781,178.99268615869772,3477.2310853725226,178.99268615869772,452.8882500020176,178.99268615869772,165.20202189624246,178.99268615869772,446.1243026536491,180.49585539488416,49.48188108594537,180.49585539488416,185.64897271496295,180.49585539488416,451.6235549666531
179.80679186560008,2.042949827238655,179.80679186560008,3943.962642890901,179.80679186560008,517.9942134901117,179.80679186560008,198.88967778477686,179.80679186560008,360.6801881072263,181.29585539488417,47.11678309532468,181.29585539488417,184.1338461577782,181.29585539488417,331.99006545462214
180.62664220539395,1.5018259315029672,180.62664220539395,3402.8985612824363,180.62664220539395,441.33726129555276,180.62664220539395,134.21947211228837,180.62664220539395,489.11622709475733,182.09585539488418,54.507251798699926,182.09585539488418,188.28924206971504,182.09585539488418,460.77524110081373
181.26913168940655,1.693215260873214,181.26913168940655,3593.4202883348376,181.26913168940655,471.19878138658714,181.26913168940655,197.8375479140519,181.26913168940655,462.9981021216343,182.8958553948842,64.36795084233465,182.8958553948842,206.93567735989802,182.8958553948842,400.30414035283997
182.01127427642518,1.8210936780002644,182.01127427642518,3719.115258000588,182.01127427642518,489.6577684928464,182.01127427642518,203.01363358247517,182.01127427642518,355.94825336201365,183.6958553948842,50.94599245450993,183.6958553948842,185.4288413500654,183.6958553948842,415.66195886539526
182.80092835001483,1.324641883126152,182.80092835001483,3227.20012017399,182.80092835001483,410.4616490454071,182.80092835001483,161.26614445303952,182.80092835001483,464.996266479772,184.49585539488422,43.97101232348241,184.49585539488422,200.47611064413474,184.49585539488422,387.54623699342835
183.6146635828219,1.4306608469960842,183.6146635828219,3328.220089497186,183.6146635828219,429.8576441836882,183.6146635828219,196.0023919582992,183.6146635828219,435.48025087305336,187.18207869098384,51.01135622564566,187.18207869098384,170.33773243340622,187.18207869098384,310.9227454185583
184.5149134792688,1.9173746241055782,184.5149134792688,3816.2074012554194,184.5149134792688,502.42935524804517,184.5149134792688,163.96933775945107,184.5149134792688,426.43209930857455,187.98207869098385,54.91338594288546,187.98207869098385,166.72571250744113,187.98207869098385,412.6518129106052
185.2795275556606,1.666714735937493,185.2795275556606,3566.956635748437,185.2795275556606,467.2652084506697,185.2795275556606,199.58332030942975,185.2795275556606,377.4482370401166,188.78207869098387,48.89684715845308,188.78207869098387,188.63454542267579,188.78207869098387,471.7265992880797
187.92833424119814,1.5415321061909877,187.92833424119814,3443.910902710824,187.92833424119814,447.6109137950094,187.92833424119814,181.08845586579605,187.92833424119814,420.99700153193174,189.58207869098388,47.222111266412526,189.58207869098388,190.19367910403528,189.58207869098388,452.46431174106556
188.780266258921,1.663124750825453,188.780266258921,3562.653896095768,188.780266258921,466.82186912628083,188.780266258921,223.67072434852497,188.780266258921,359.28290483041536,190.3820786909839,55.501941763372805,190.3820786909839,193.29776393998122,190.3820786909839,401.09847618198614
189.51746333369013,1.5900151557874176,189.51746333369013,3486.471344375809,189.51746333369013,456.0528393134066,189.51746333369013,119.91693777950209,189.51746333369013,366.5575186656986,191.1820786909839,47.21812308849882,191.1820786909839,201.53192361986268,191.1820786909839,434.66157833191284
190.3693539972891,1.6184452820359851,190.3693539972891,3520.088658671115,190.3693539972891,459.7740111031669,190.3693539972891,186.85399068562572,190.3693539972891,419.21592114583916,191.9820786909839,54.39462382170108,191.9820786909839,201.3017975117256,191.9820786909839,381.3419291432782
191.3207390601192,1.7339123173964661,191.3207390601192,3631.7859228044804,191.3207390601192,477.42690628018397,191.3207390601192,190.43627013280243,191.3207390601192,392.11129989268534,192.78207869098392,55.87792210823643,192.78207869098392,182.79189103681597,192.78207869098392,427.25373443472074
192.19160137762952,1.7806560444577277,192.19160137762952,3682.2194158896978,192.19160137762952,483.5822756171866,192.19160137762952,176.58542548636265,192.19160137762952,366.9061309414477,193.58207869098393,56.71672369791075,193.58207869098393,192.56788246839474,193.58207869098393,378.5073234139176
192.9661388303765,1.785637544801205,192.9661388303765,3684.987930342735,192.9661388303765,484.5707987529624,192.9661388303765,197.1052277208904,192.9661388303765,403.69124011500406,194.38207869098395,56.091691952689374,194.38207869098395,186.6751339969574,194.38207869098395,433.17194931008015
193.78935380279617,1.501055551332413,193.78935380279617,3400.078933979883,193.78935380279617,441.4766775944779,193.78935380279617,213.41558793139478,193.78935380279617,412.13125329301556,195.18207869098396,38.53528731839024,195.18207869098396,186.03465560265016,195.18207869098396,426.0967393974909
194.44902876655772,1.2040904725097277,194.44902876655772,3104.795226900123,194.44902876655772,387.8163886872213,194.44902876655772,168.02709068261146,194.44902876655772,337.5278369363169,197.62574633689988,60.95239776910951,197.62574633689988,198.86844979638624,197.62574633689988,436.347626777832
195.3072738423217,1.4672416423203232,195.3072738423217,3367.822594285352,195.3072738423217,435.66476595590103,195.3072738423217,184.5350911267144,195.3072738423217,435.131880998591,198.4257463368999,46.338632983639975,198.4257463368999,187.441787888508,198.4257463368999,434.96855332180064
196.08632487637843,1.7156173522857663,196.08632487637843,3616.124149719066,196.08632487637843,474.43541240669276,196.08632487637843,134.46579557740625,196.08632487637843,395.2861209509447,199.2257463368999,53.07857996044107,199.2257463368999,199.73677635489486,199.2257463368999,330.11107432693
198.42067899115204,1.6032108089820987,198.42067899115204,3500.859954697484,198.42067899115204,457.9477127700857,198.42067899115204,234.75722884788752,198.42067899115204,447.0641421123206,,,,,,
199.2685342227184,1.4249110208028033,199.2685342227184,3322.0414039361217,199.2685342227184,428.9263279845029,199.2685342227184,144.30673969311493,199.2685342227184,477.83569642348033,,,,,,
199.9828596848939,2.0485060945837748,199.9828596848939,3946.023847101608,199.9828596848939,519.131706740298,199.9828596848939,159.24532920592142,199.9828596848939,432.4932639428799,,,,,,
,,,,,,,,,,,,,,,
